id,category,amount,quantity,status,updated_at
1,bravo,151.37,2,changed,2026-01-01 00:07:00
2,charlie,152.74,3,changed,2026-01-01 00:14:00
3,delta,154.11,4,changed,2026-01-01 00:21:00
4,alpha,155.48,5,changed,2026-01-01 00:28:00
5,bravo,156.85,6,changed,2026-01-01 00:35:00
6,charlie,158.22,7,changed,2026-01-01 00:42:00
7,delta,159.59,8,changed,2026-01-01 00:49:00
8,alpha,160.96,9,changed,2026-01-01 00:56:00
9,bravo,162.33,10,changed,2026-01-01 01:03:00
10,charlie,163.7,11,changed,2026-01-01 01:10:00
11,delta,165.07,12,changed,2026-01-01 01:17:00
12,alpha,166.44,13,changed,2026-01-01 01:24:00
13,bravo,167.81,14,changed,2026-01-01 01:31:00
14,charlie,169.18,15,changed,2026-01-01 01:38:00
15,delta,170.55,16,changed,2026-01-01 01:45:00
16,alpha,171.92,17,changed,2026-01-01 01:52:00
17,bravo,173.29,18,changed,2026-01-01 01:59:00
18,charlie,174.66,19,changed,2026-01-01 02:06:00
19,delta,176.03,20,changed,2026-01-01 02:13:00
20,alpha,177.4,1,changed,2026-01-01 02:20:00
21,bravo,178.77,2,changed,2026-01-01 02:27:00
22,charlie,180.14,3,changed,2026-01-01 02:34:00
23,delta,181.51,4,changed,2026-01-01 02:41:00
24,alpha,182.88,5,changed,2026-01-01 02:48:00
25,bravo,184.25,6,changed,2026-01-01 02:55:00
26,charlie,185.62,7,changed,2026-01-01 03:02:00
27,delta,186.99,8,changed,2026-01-01 03:09:00
28,alpha,188.36,9,changed,2026-01-01 03:16:00
29,bravo,189.73,10,changed,2026-01-01 03:23:00
30,charlie,191.1,11,changed,2026-01-01 03:30:00
31,delta,192.47,12,changed,2026-01-01 03:37:00
32,alpha,193.84,13,changed,2026-01-01 03:44:00
33,bravo,195.21,14,changed,2026-01-01 03:51:00
34,charlie,196.58,15,changed,2026-01-01 03:58:00
35,delta,197.95,16,changed,2026-01-01 04:05:00
36,alpha,199.32,17,changed,2026-01-01 04:12:00
37,bravo,200.69,18,changed,2026-01-01 04:19:00
38,charlie,202.06,19,changed,2026-01-01 04:26:00
39,delta,203.43,20,changed,2026-01-01 04:33:00
40,alpha,204.8,1,changed,2026-01-01 04:40:00
41,bravo,106.17,2,closed,2026-01-01 04:47:00
42,charlie,107.54,3,active,2026-01-01 04:54:00
43,delta,108.91,4,pending,2026-01-01 05:01:00
44,alpha,110.28,5,closed,2026-01-01 05:08:00
45,bravo,111.65,6,active,2026-01-01 05:15:00
46,charlie,113.02,7,pending,2026-01-01 05:22:00
47,delta,114.39,8,closed,2026-01-01 05:29:00
48,alpha,115.76,9,active,2026-01-01 05:36:00
49,bravo,117.13,10,pending,2026-01-01 05:43:00
50,charlie,118.5,11,closed,2026-01-01 05:50:00
51,delta,119.87,12,active,2026-01-01 05:57:00
52,alpha,121.24,13,pending,2026-01-01 06:04:00
53,bravo,122.61,14,closed,2026-01-01 06:11:00
54,charlie,123.98,15,active,2026-01-01 06:18:00
55,delta,125.35,16,pending,2026-01-01 06:25:00
56,alpha,126.72,17,closed,2026-01-01 06:32:00
57,bravo,128.09,18,active,2026-01-01 06:39:00
58,charlie,129.46,19,pending,2026-01-01 06:46:00
59,delta,130.83,20,closed,2026-01-01 06:53:00
60,alpha,132.2,1,active,2026-01-01 07:00:00
61,bravo,133.57,2,pending,2026-01-01 07:07:00
62,charlie,134.94,3,closed,2026-01-01 07:14:00
63,delta,136.31,4,active,2026-01-01 07:21:00
64,alpha,137.68,5,pending,2026-01-01 07:28:00
65,bravo,139.05,6,closed,2026-01-01 07:35:00
66,charlie,140.42,7,active,2026-01-01 07:42:00
67,delta,141.79,8,pending,2026-01-01 07:49:00
68,alpha,143.16,9,closed,2026-01-01 07:56:00
69,bravo,144.53,10,active,2026-01-01 08:03:00
70,charlie,145.9,11,pending,2026-01-01 08:10:00
71,delta,147.27,12,closed,2026-01-01 08:17:00
72,alpha,148.64,13,active,2026-01-01 08:24:00
73,bravo,150.01,14,pending,2026-01-01 08:31:00
74,charlie,151.38,15,closed,2026-01-01 08:38:00
75,delta,152.75,16,active,2026-01-01 08:45:00
76,alpha,154.12,17,pending,2026-01-01 08:52:00
77,bravo,155.49,18,closed,2026-01-01 08:59:00
78,charlie,156.86,19,active,2026-01-01 09:06:00
79,delta,158.23,20,pending,2026-01-01 09:13:00
80,alpha,159.6,1,closed,2026-01-01 09:20:00
81,bravo,160.97,2,active,2026-01-01 09:27:00
82,charlie,162.34,3,pending,2026-01-01 09:34:00
83,delta,163.71,4,closed,2026-01-01 09:41:00
84,alpha,165.08,5,active,2026-01-01 09:48:00
85,bravo,166.45,6,pending,2026-01-01 09:55:00
86,charlie,167.82,7,closed,2026-01-01 10:02:00
87,delta,169.19,8,active,2026-01-01 10:09:00
88,alpha,170.56,9,pending,2026-01-01 10:16:00
89,bravo,171.93,10,closed,2026-01-01 10:23:00
90,charlie,173.3,11,active,2026-01-01 10:30:00
91,delta,174.67,12,pending,2026-01-01 10:37:00
92,alpha,176.04,13,closed,2026-01-01 10:44:00
93,bravo,177.41,14,active,2026-01-01 10:51:00
94,charlie,178.78,15,pending,2026-01-01 10:58:00
95,delta,180.15,16,closed,2026-01-01 11:05:00
96,alpha,181.52,17,active,2026-01-01 11:12:00
97,bravo,182.89,18,pending,2026-01-01 11:19:00
98,charlie,184.26,19,closed,2026-01-01 11:26:00
99,delta,185.63,20,active,2026-01-01 11:33:00
100,alpha,187.0,1,pending,2026-01-01 11:40:00
101,bravo,188.37,2,closed,2026-01-01 11:47:00
102,charlie,189.74,3,active,2026-01-01 11:54:00
103,delta,191.11,4,pending,2026-01-01 12:01:00
104,alpha,192.48,5,closed,2026-01-01 12:08:00
105,bravo,193.85,6,active,2026-01-01 12:15:00
106,charlie,195.22,7,pending,2026-01-01 12:22:00
107,delta,196.59,8,closed,2026-01-01 12:29:00
108,alpha,197.96,9,active,2026-01-01 12:36:00
109,bravo,199.33,10,pending,2026-01-01 12:43:00
110,charlie,200.7,11,closed,2026-01-01 12:50:00
111,delta,202.07,12,active,2026-01-01 12:57:00
112,alpha,203.44,13,pending,2026-01-01 13:04:00
113,bravo,204.81,14,closed,2026-01-01 13:11:00
114,charlie,206.18,15,active,2026-01-01 13:18:00
115,delta,207.55,16,pending,2026-01-01 13:25:00
116,alpha,208.92,17,closed,2026-01-01 13:32:00
117,bravo,210.29,18,active,2026-01-01 13:39:00
118,charlie,211.66,19,pending,2026-01-01 13:46:00
119,delta,213.03,20,closed,2026-01-01 13:53:00
120,alpha,214.4,1,active,2026-01-01 14:00:00
121,bravo,215.77,2,pending,2026-01-01 14:07:00
122,charlie,217.14,3,closed,2026-01-01 14:14:00
123,delta,218.51,4,active,2026-01-01 14:21:00
124,alpha,219.88,5,pending,2026-01-01 14:28:00
125,bravo,221.25,6,closed,2026-01-01 14:35:00
126,charlie,222.62,7,active,2026-01-01 14:42:00
127,delta,223.99,8,pending,2026-01-01 14:49:00
128,alpha,225.36,9,closed,2026-01-01 14:56:00
129,bravo,226.73,10,active,2026-01-01 15:03:00
130,charlie,228.1,11,pending,2026-01-01 15:10:00
131,delta,229.47,12,closed,2026-01-01 15:17:00
132,alpha,230.84,13,active,2026-01-01 15:24:00
133,bravo,232.21,14,pending,2026-01-01 15:31:00
134,charlie,233.58,15,closed,2026-01-01 15:38:00
135,delta,234.95,16,active,2026-01-01 15:45:00
136,alpha,236.32,17,pending,2026-01-01 15:52:00
137,bravo,237.69,18,closed,2026-01-01 15:59:00
138,charlie,239.06,19,active,2026-01-01 16:06:00
139,delta,240.43,20,pending,2026-01-01 16:13:00
140,alpha,241.8,1,closed,2026-01-01 16:20:00
141,bravo,243.17,2,active,2026-01-01 16:27:00
142,charlie,244.54,3,pending,2026-01-01 16:34:00
143,delta,245.91,4,closed,2026-01-01 16:41:00
144,alpha,247.28,5,active,2026-01-01 16:48:00
145,bravo,248.65,6,pending,2026-01-01 16:55:00
146,charlie,250.02,7,closed,2026-01-01 17:02:00
147,delta,251.39,8,active,2026-01-01 17:09:00
148,alpha,252.76,9,pending,2026-01-01 17:16:00
149,bravo,254.13,10,closed,2026-01-01 17:23:00
150,charlie,255.5,11,active,2026-01-01 17:30:00
151,delta,256.87,12,pending,2026-01-01 17:37:00
152,alpha,258.24,13,closed,2026-01-01 17:44:00
153,bravo,259.61,14,active,2026-01-01 17:51:00
154,charlie,260.98,15,pending,2026-01-01 17:58:00
155,delta,262.35,16,closed,2026-01-01 18:05:00
156,alpha,263.72,17,active,2026-01-01 18:12:00
157,bravo,265.09,18,pending,2026-01-01 18:19:00
158,charlie,266.46,19,closed,2026-01-01 18:26:00
159,delta,267.83,20,active,2026-01-01 18:33:00
160,alpha,269.2,1,pending,2026-01-01 18:40:00
161,bravo,270.57,2,closed,2026-01-01 18:47:00
162,charlie,271.94,3,active,2026-01-01 18:54:00
163,delta,273.31,4,pending,2026-01-01 19:01:00
164,alpha,274.68,5,closed,2026-01-01 19:08:00
165,bravo,276.05,6,active,2026-01-01 19:15:00
166,charlie,277.42,7,pending,2026-01-01 19:22:00
167,delta,278.79,8,closed,2026-01-01 19:29:00
168,alpha,280.16,9,active,2026-01-01 19:36:00
169,bravo,281.53,10,pending,2026-01-01 19:43:00
170,charlie,282.9,11,closed,2026-01-01 19:50:00
171,delta,284.27,12,active,2026-01-01 19:57:00
172,alpha,285.64,13,pending,2026-01-01 20:04:00
173,bravo,287.01,14,closed,2026-01-01 20:11:00
174,charlie,288.38,15,active,2026-01-01 20:18:00
175,delta,289.75,16,pending,2026-01-01 20:25:00
176,alpha,291.12,17,closed,2026-01-01 20:32:00
177,bravo,292.49,18,active,2026-01-01 20:39:00
178,charlie,293.86,19,pending,2026-01-01 20:46:00
179,delta,295.23,20,closed,2026-01-01 20:53:00
180,alpha,296.6,1,active,2026-01-01 21:00:00
181,bravo,297.97,2,pending,2026-01-01 21:07:00
182,charlie,299.34,3,closed,2026-01-01 21:14:00
183,delta,300.71,4,active,2026-01-01 21:21:00
184,alpha,302.08,5,pending,2026-01-01 21:28:00
185,bravo,303.45,6,closed,2026-01-01 21:35:00
186,charlie,304.82,7,active,2026-01-01 21:42:00
187,delta,306.19,8,pending,2026-01-01 21:49:00
188,alpha,307.56,9,closed,2026-01-01 21:56:00
189,bravo,308.93,10,active,2026-01-01 22:03:00
190,charlie,310.3,11,pending,2026-01-01 22:10:00
191,delta,311.67,12,closed,2026-01-01 22:17:00
192,alpha,313.04,13,active,2026-01-01 22:24:00
193,bravo,314.41,14,pending,2026-01-01 22:31:00
194,charlie,315.78,15,closed,2026-01-01 22:38:00
195,delta,317.15,16,active,2026-01-01 22:45:00
196,alpha,318.52,17,pending,2026-01-01 22:52:00
197,bravo,319.89,18,closed,2026-01-01 22:59:00
198,charlie,321.26,19,active,2026-01-01 23:06:00
199,delta,322.63,20,pending,2026-01-01 23:13:00
200,alpha,324.0,1,closed,2026-01-01 23:20:00
201,bravo,325.37,2,active,2026-01-01 23:27:00
202,charlie,326.74,3,pending,2026-01-01 23:34:00
203,delta,328.11,4,closed,2026-01-01 23:41:00
204,alpha,329.48,5,active,2026-01-01 23:48:00
205,bravo,330.85,6,pending,2026-01-01 23:55:00
206,charlie,332.22,7,closed,2026-01-02 00:02:00
207,delta,333.59,8,active,2026-01-02 00:09:00
208,alpha,334.96,9,pending,2026-01-02 00:16:00
209,bravo,336.33,10,closed,2026-01-02 00:23:00
210,charlie,337.7,11,active,2026-01-02 00:30:00
211,delta,339.07,12,pending,2026-01-02 00:37:00
212,alpha,340.44,13,closed,2026-01-02 00:44:00
213,bravo,341.81,14,active,2026-01-02 00:51:00
214,charlie,343.18,15,pending,2026-01-02 00:58:00
215,delta,344.55,16,closed,2026-01-02 01:05:00
216,alpha,345.92,17,active,2026-01-02 01:12:00
217,bravo,347.29,18,pending,2026-01-02 01:19:00
218,charlie,348.66,19,closed,2026-01-02 01:26:00
219,delta,350.03,20,active,2026-01-02 01:33:00
220,alpha,351.4,1,pending,2026-01-02 01:40:00
221,bravo,352.77,2,closed,2026-01-02 01:47:00
222,charlie,354.14,3,active,2026-01-02 01:54:00
223,delta,355.51,4,pending,2026-01-02 02:01:00
224,alpha,356.88,5,closed,2026-01-02 02:08:00
225,bravo,358.25,6,active,2026-01-02 02:15:00
226,charlie,359.62,7,pending,2026-01-02 02:22:00
227,delta,360.99,8,closed,2026-01-02 02:29:00
228,alpha,362.36,9,active,2026-01-02 02:36:00
229,bravo,363.73,10,pending,2026-01-02 02:43:00
230,charlie,365.1,11,closed,2026-01-02 02:50:00
231,delta,366.47,12,active,2026-01-02 02:57:00
232,alpha,367.84,13,pending,2026-01-02 03:04:00
233,bravo,369.21,14,closed,2026-01-02 03:11:00
234,charlie,370.58,15,active,2026-01-02 03:18:00
235,delta,371.95,16,pending,2026-01-02 03:25:00
236,alpha,373.32,17,closed,2026-01-02 03:32:00
237,bravo,374.69,18,active,2026-01-02 03:39:00
238,charlie,376.06,19,pending,2026-01-02 03:46:00
239,delta,377.43,20,closed,2026-01-02 03:53:00
240,alpha,378.8,1,active,2026-01-02 04:00:00
241,bravo,380.17,2,pending,2026-01-02 04:07:00
242,charlie,381.54,3,closed,2026-01-02 04:14:00
243,delta,382.91,4,active,2026-01-02 04:21:00
244,alpha,384.28,5,pending,2026-01-02 04:28:00
245,bravo,385.65,6,closed,2026-01-02 04:35:00
246,charlie,387.02,7,active,2026-01-02 04:42:00
247,delta,388.39,8,pending,2026-01-02 04:49:00
248,alpha,389.76,9,closed,2026-01-02 04:56:00
249,bravo,391.13,10,active,2026-01-02 05:03:00
250,charlie,392.5,11,pending,2026-01-02 05:10:00
251,delta,393.87,12,closed,2026-01-02 05:17:00
252,alpha,395.24,13,active,2026-01-02 05:24:00
253,bravo,396.61,14,pending,2026-01-02 05:31:00
254,charlie,397.98,15,closed,2026-01-02 05:38:00
255,delta,399.35,16,active,2026-01-02 05:45:00
256,alpha,400.72,17,pending,2026-01-02 05:52:00
257,bravo,402.09,18,closed,2026-01-02 05:59:00
258,charlie,403.46,19,active,2026-01-02 06:06:00
259,delta,404.83,20,pending,2026-01-02 06:13:00
260,alpha,406.2,1,closed,2026-01-02 06:20:00
261,bravo,407.57,2,active,2026-01-02 06:27:00
262,charlie,408.94,3,pending,2026-01-02 06:34:00
263,delta,410.31,4,closed,2026-01-02 06:41:00
264,alpha,411.68,5,active,2026-01-02 06:48:00
265,bravo,413.05,6,pending,2026-01-02 06:55:00
266,charlie,414.42,7,closed,2026-01-02 07:02:00
267,delta,415.79,8,active,2026-01-02 07:09:00
268,alpha,417.16,9,pending,2026-01-02 07:16:00
269,bravo,418.53,10,closed,2026-01-02 07:23:00
270,charlie,419.9,11,active,2026-01-02 07:30:00
271,delta,421.27,12,pending,2026-01-02 07:37:00
272,alpha,422.64,13,closed,2026-01-02 07:44:00
273,bravo,424.01,14,active,2026-01-02 07:51:00
274,charlie,425.38,15,pending,2026-01-02 07:58:00
275,delta,426.75,16,closed,2026-01-02 08:05:00
276,alpha,428.12,17,active,2026-01-02 08:12:00
277,bravo,429.49,18,pending,2026-01-02 08:19:00
278,charlie,430.86,19,closed,2026-01-02 08:26:00
279,delta,432.23,20,active,2026-01-02 08:33:00
280,alpha,433.6,1,pending,2026-01-02 08:40:00
281,bravo,434.97,2,closed,2026-01-02 08:47:00
282,charlie,436.34,3,active,2026-01-02 08:54:00
283,delta,437.71,4,pending,2026-01-02 09:01:00
284,alpha,439.08,5,closed,2026-01-02 09:08:00
285,bravo,440.45,6,active,2026-01-02 09:15:00
286,charlie,441.82,7,pending,2026-01-02 09:22:00
287,delta,443.19,8,closed,2026-01-02 09:29:00
288,alpha,444.56,9,active,2026-01-02 09:36:00
289,bravo,445.93,10,pending,2026-01-02 09:43:00
290,charlie,447.3,11,closed,2026-01-02 09:50:00
291,delta,448.67,12,active,2026-01-02 09:57:00
292,alpha,450.04,13,pending,2026-01-02 10:04:00
293,bravo,451.41,14,closed,2026-01-02 10:11:00
294,charlie,452.78,15,active,2026-01-02 10:18:00
295,delta,454.15,16,pending,2026-01-02 10:25:00
296,alpha,455.52,17,closed,2026-01-02 10:32:00
297,bravo,456.89,18,active,2026-01-02 10:39:00
298,charlie,458.26,19,pending,2026-01-02 10:46:00
299,delta,459.63,20,closed,2026-01-02 10:53:00
300,alpha,461.0,1,active,2026-01-02 11:00:00
301,bravo,462.37,2,pending,2026-01-02 11:07:00
302,charlie,463.74,3,closed,2026-01-02 11:14:00
303,delta,465.11,4,active,2026-01-02 11:21:00
304,alpha,466.48,5,pending,2026-01-02 11:28:00
305,bravo,467.85,6,closed,2026-01-02 11:35:00
306,charlie,469.22,7,active,2026-01-02 11:42:00
307,delta,470.59,8,pending,2026-01-02 11:49:00
308,alpha,471.96,9,closed,2026-01-02 11:56:00
309,bravo,473.33,10,active,2026-01-02 12:03:00
310,charlie,474.7,11,pending,2026-01-02 12:10:00
311,delta,476.07,12,closed,2026-01-02 12:17:00
312,alpha,477.44,13,active,2026-01-02 12:24:00
313,bravo,478.81,14,pending,2026-01-02 12:31:00
314,charlie,480.18,15,closed,2026-01-02 12:38:00
315,delta,481.55,16,active,2026-01-02 12:45:00
316,alpha,482.92,17,pending,2026-01-02 12:52:00
317,bravo,484.29,18,closed,2026-01-02 12:59:00
318,charlie,485.66,19,active,2026-01-02 13:06:00
319,delta,487.03,20,pending,2026-01-02 13:13:00
320,alpha,488.4,1,closed,2026-01-02 13:20:00
321,bravo,489.77,2,active,2026-01-02 13:27:00
322,charlie,491.14,3,pending,2026-01-02 13:34:00
323,delta,492.51,4,closed,2026-01-02 13:41:00
324,alpha,493.88,5,active,2026-01-02 13:48:00
325,bravo,495.25,6,pending,2026-01-02 13:55:00
326,charlie,496.62,7,closed,2026-01-02 14:02:00
327,delta,497.99,8,active,2026-01-02 14:09:00
328,alpha,499.36,9,pending,2026-01-02 14:16:00
329,bravo,500.73,10,closed,2026-01-02 14:23:00
330,charlie,502.1,11,active,2026-01-02 14:30:00
331,delta,503.47,12,pending,2026-01-02 14:37:00
332,alpha,504.84,13,closed,2026-01-02 14:44:00
333,bravo,506.21,14,active,2026-01-02 14:51:00
334,charlie,507.58,15,pending,2026-01-02 14:58:00
335,delta,508.95,16,closed,2026-01-02 15:05:00
336,alpha,510.32,17,active,2026-01-02 15:12:00
337,bravo,511.69,18,pending,2026-01-02 15:19:00
338,charlie,513.06,19,closed,2026-01-02 15:26:00
339,delta,514.43,20,active,2026-01-02 15:33:00
340,alpha,515.8,1,pending,2026-01-02 15:40:00
341,bravo,517.17,2,closed,2026-01-02 15:47:00
342,charlie,518.54,3,active,2026-01-02 15:54:00
343,delta,519.91,4,pending,2026-01-02 16:01:00
344,alpha,521.28,5,closed,2026-01-02 16:08:00
345,bravo,522.65,6,active,2026-01-02 16:15:00
346,charlie,524.02,7,pending,2026-01-02 16:22:00
347,delta,525.39,8,closed,2026-01-02 16:29:00
348,alpha,526.76,9,active,2026-01-02 16:36:00
349,bravo,528.13,10,pending,2026-01-02 16:43:00
350,charlie,529.5,11,closed,2026-01-02 16:50:00
351,delta,530.87,12,active,2026-01-02 16:57:00
352,alpha,532.24,13,pending,2026-01-02 17:04:00
353,bravo,533.61,14,closed,2026-01-02 17:11:00
354,charlie,534.98,15,active,2026-01-02 17:18:00
355,delta,536.35,16,pending,2026-01-02 17:25:00
356,alpha,537.72,17,closed,2026-01-02 17:32:00
357,bravo,539.09,18,active,2026-01-02 17:39:00
358,charlie,540.46,19,pending,2026-01-02 17:46:00
359,delta,541.83,20,closed,2026-01-02 17:53:00
360,alpha,543.2,1,active,2026-01-02 18:00:00
361,bravo,544.57,2,pending,2026-01-02 18:07:00
362,charlie,545.94,3,closed,2026-01-02 18:14:00
363,delta,547.31,4,active,2026-01-02 18:21:00
364,alpha,548.68,5,pending,2026-01-02 18:28:00
365,bravo,50.05,6,closed,2026-01-02 18:35:00
366,charlie,51.42,7,active,2026-01-02 18:42:00
367,delta,52.79,8,pending,2026-01-02 18:49:00
368,alpha,54.16,9,closed,2026-01-02 18:56:00
369,bravo,55.53,10,active,2026-01-02 19:03:00
370,charlie,56.9,11,pending,2026-01-02 19:10:00
371,delta,58.27,12,closed,2026-01-02 19:17:00
372,alpha,59.64,13,active,2026-01-02 19:24:00
373,bravo,61.01,14,pending,2026-01-02 19:31:00
374,charlie,62.38,15,closed,2026-01-02 19:38:00
375,delta,63.75,16,active,2026-01-02 19:45:00
376,alpha,65.12,17,pending,2026-01-02 19:52:00
377,bravo,66.49,18,closed,2026-01-02 19:59:00
378,charlie,67.86,19,active,2026-01-02 20:06:00
379,delta,69.23,20,pending,2026-01-02 20:13:00
380,alpha,70.6,1,closed,2026-01-02 20:20:00
381,bravo,71.97,2,active,2026-01-02 20:27:00
382,charlie,73.34,3,pending,2026-01-02 20:34:00
383,delta,74.71,4,closed,2026-01-02 20:41:00
384,alpha,76.08,5,active,2026-01-02 20:48:00
385,bravo,77.45,6,pending,2026-01-02 20:55:00
386,charlie,78.82,7,closed,2026-01-02 21:02:00
387,delta,80.19,8,active,2026-01-02 21:09:00
388,alpha,81.56,9,pending,2026-01-02 21:16:00
389,bravo,82.93,10,closed,2026-01-02 21:23:00
390,charlie,84.3,11,active,2026-01-02 21:30:00
391,delta,85.67,12,pending,2026-01-02 21:37:00
392,alpha,87.04,13,closed,2026-01-02 21:44:00
393,bravo,88.41,14,active,2026-01-02 21:51:00
394,charlie,89.78,15,pending,2026-01-02 21:58:00
395,delta,91.15,16,closed,2026-01-02 22:05:00
396,alpha,92.52,17,active,2026-01-02 22:12:00
397,bravo,93.89,18,pending,2026-01-02 22:19:00
398,charlie,95.26,19,closed,2026-01-02 22:26:00
399,delta,96.63,20,active,2026-01-02 22:33:00
400,alpha,98.0,1,pending,2026-01-02 22:40:00
401,bravo,99.37,2,closed,2026-01-02 22:47:00
402,charlie,100.74,3,active,2026-01-02 22:54:00
403,delta,102.11,4,pending,2026-01-02 23:01:00
404,alpha,103.48,5,closed,2026-01-02 23:08:00
405,bravo,104.85,6,active,2026-01-02 23:15:00
406,charlie,106.22,7,pending,2026-01-02 23:22:00
407,delta,107.59,8,closed,2026-01-02 23:29:00
408,alpha,108.96,9,active,2026-01-02 23:36:00
409,bravo,110.33,10,pending,2026-01-02 23:43:00
410,charlie,111.7,11,closed,2026-01-02 23:50:00
411,delta,113.07,12,active,2026-01-02 23:57:00
412,alpha,114.44,13,pending,2026-01-03 00:04:00
413,bravo,115.81,14,closed,2026-01-03 00:11:00
414,charlie,117.18,15,active,2026-01-03 00:18:00
415,delta,118.55,16,pending,2026-01-03 00:25:00
416,alpha,119.92,17,closed,2026-01-03 00:32:00
417,bravo,121.29,18,active,2026-01-03 00:39:00
418,charlie,122.66,19,pending,2026-01-03 00:46:00
419,delta,124.03,20,closed,2026-01-03 00:53:00
420,alpha,125.4,1,active,2026-01-03 01:00:00
421,bravo,126.77,2,pending,2026-01-03 01:07:00
422,charlie,128.14,3,closed,2026-01-03 01:14:00
423,delta,129.51,4,active,2026-01-03 01:21:00
424,alpha,130.88,5,pending,2026-01-03 01:28:00
425,bravo,132.25,6,closed,2026-01-03 01:35:00
426,charlie,133.62,7,active,2026-01-03 01:42:00
427,delta,134.99,8,pending,2026-01-03 01:49:00
428,alpha,136.36,9,closed,2026-01-03 01:56:00
429,bravo,137.73,10,active,2026-01-03 02:03:00
430,charlie,139.1,11,pending,2026-01-03 02:10:00
431,delta,140.47,12,closed,2026-01-03 02:17:00
432,alpha,141.84,13,active,2026-01-03 02:24:00
433,bravo,143.21,14,pending,2026-01-03 02:31:00
434,charlie,144.58,15,closed,2026-01-03 02:38:00
435,delta,145.95,16,active,2026-01-03 02:45:00
436,alpha,147.32,17,pending,2026-01-03 02:52:00
437,bravo,148.69,18,closed,2026-01-03 02:59:00
438,charlie,150.06,19,active,2026-01-03 03:06:00
439,delta,151.43,20,pending,2026-01-03 03:13:00
440,alpha,152.8,1,closed,2026-01-03 03:20:00
441,bravo,154.17,2,active,2026-01-03 03:27:00
442,charlie,155.54,3,pending,2026-01-03 03:34:00
443,delta,156.91,4,closed,2026-01-03 03:41:00
444,alpha,158.28,5,active,2026-01-03 03:48:00
445,bravo,159.65,6,pending,2026-01-03 03:55:00
446,charlie,161.02,7,closed,2026-01-03 04:02:00
447,delta,162.39,8,active,2026-01-03 04:09:00
448,alpha,163.76,9,pending,2026-01-03 04:16:00
449,bravo,165.13,10,closed,2026-01-03 04:23:00
450,charlie,166.5,11,active,2026-01-03 04:30:00
451,delta,167.87,12,pending,2026-01-03 04:37:00
452,alpha,169.24,13,closed,2026-01-03 04:44:00
453,bravo,170.61,14,active,2026-01-03 04:51:00
454,charlie,171.98,15,pending,2026-01-03 04:58:00
455,delta,173.35,16,closed,2026-01-03 05:05:00
456,alpha,174.72,17,active,2026-01-03 05:12:00
457,bravo,176.09,18,pending,2026-01-03 05:19:00
458,charlie,177.46,19,closed,2026-01-03 05:26:00
459,delta,178.83,20,active,2026-01-03 05:33:00
460,alpha,180.2,1,pending,2026-01-03 05:40:00
461,bravo,181.57,2,closed,2026-01-03 05:47:00
462,charlie,182.94,3,active,2026-01-03 05:54:00
463,delta,184.31,4,pending,2026-01-03 06:01:00
464,alpha,185.68,5,closed,2026-01-03 06:08:00
465,bravo,187.05,6,active,2026-01-03 06:15:00
466,charlie,188.42,7,pending,2026-01-03 06:22:00
467,delta,189.79,8,closed,2026-01-03 06:29:00
468,alpha,191.16,9,active,2026-01-03 06:36:00
469,bravo,192.53,10,pending,2026-01-03 06:43:00
470,charlie,193.9,11,closed,2026-01-03 06:50:00
471,delta,195.27,12,active,2026-01-03 06:57:00
472,alpha,196.64,13,pending,2026-01-03 07:04:00
473,bravo,198.01,14,closed,2026-01-03 07:11:00
474,charlie,199.38,15,active,2026-01-03 07:18:00
475,delta,200.75,16,pending,2026-01-03 07:25:00
476,alpha,202.12,17,closed,2026-01-03 07:32:00
477,bravo,203.49,18,active,2026-01-03 07:39:00
478,charlie,204.86,19,pending,2026-01-03 07:46:00
479,delta,206.23,20,closed,2026-01-03 07:53:00
480,alpha,207.6,1,active,2026-01-03 08:00:00
481,bravo,208.97,2,pending,2026-01-03 08:07:00
482,charlie,210.34,3,closed,2026-01-03 08:14:00
483,delta,211.71,4,active,2026-01-03 08:21:00
484,alpha,213.08,5,pending,2026-01-03 08:28:00
485,bravo,214.45,6,closed,2026-01-03 08:35:00
486,charlie,215.82,7,active,2026-01-03 08:42:00
487,delta,217.19,8,pending,2026-01-03 08:49:00
488,alpha,218.56,9,closed,2026-01-03 08:56:00
489,bravo,219.93,10,active,2026-01-03 09:03:00
490,charlie,221.3,11,pending,2026-01-03 09:10:00
491,delta,222.67,12,closed,2026-01-03 09:17:00
492,alpha,224.04,13,active,2026-01-03 09:24:00
493,bravo,225.41,14,pending,2026-01-03 09:31:00
494,charlie,226.78,15,closed,2026-01-03 09:38:00
495,delta,228.15,16,active,2026-01-03 09:45:00
496,alpha,229.52,17,pending,2026-01-03 09:52:00
497,bravo,230.89,18,closed,2026-01-03 09:59:00
498,charlie,232.26,19,active,2026-01-03 10:06:00
499,delta,233.63,20,pending,2026-01-03 10:13:00
500,alpha,235.0,1,closed,2026-01-03 10:20:00
501,bravo,236.37,2,active,2026-01-03 10:27:00
502,charlie,237.74,3,pending,2026-01-03 10:34:00
503,delta,239.11,4,closed,2026-01-03 10:41:00
504,alpha,240.48,5,active,2026-01-03 10:48:00
505,bravo,241.85,6,pending,2026-01-03 10:55:00
506,charlie,243.22,7,closed,2026-01-03 11:02:00
507,delta,244.59,8,active,2026-01-03 11:09:00
508,alpha,245.96,9,pending,2026-01-03 11:16:00
509,bravo,247.33,10,closed,2026-01-03 11:23:00
510,charlie,248.7,11,active,2026-01-03 11:30:00
511,delta,250.07,12,pending,2026-01-03 11:37:00
512,alpha,251.44,13,closed,2026-01-03 11:44:00
513,bravo,252.81,14,active,2026-01-03 11:51:00
514,charlie,254.18,15,pending,2026-01-03 11:58:00
515,delta,255.55,16,closed,2026-01-03 12:05:00
516,alpha,256.92,17,active,2026-01-03 12:12:00
517,bravo,258.29,18,pending,2026-01-03 12:19:00
518,charlie,259.66,19,closed,2026-01-03 12:26:00
519,delta,261.03,20,active,2026-01-03 12:33:00
520,alpha,262.4,1,pending,2026-01-03 12:40:00
521,bravo,263.77,2,closed,2026-01-03 12:47:00
522,charlie,265.14,3,active,2026-01-03 12:54:00
523,delta,266.51,4,pending,2026-01-03 13:01:00
524,alpha,267.88,5,closed,2026-01-03 13:08:00
525,bravo,269.25,6,active,2026-01-03 13:15:00
526,charlie,270.62,7,pending,2026-01-03 13:22:00
527,delta,271.99,8,closed,2026-01-03 13:29:00
528,alpha,273.36,9,active,2026-01-03 13:36:00
529,bravo,274.73,10,pending,2026-01-03 13:43:00
530,charlie,276.1,11,closed,2026-01-03 13:50:00
531,delta,277.47,12,active,2026-01-03 13:57:00
532,alpha,278.84,13,pending,2026-01-03 14:04:00
533,bravo,280.21,14,closed,2026-01-03 14:11:00
534,charlie,281.58,15,active,2026-01-03 14:18:00
535,delta,282.95,16,pending,2026-01-03 14:25:00
536,alpha,284.32,17,closed,2026-01-03 14:32:00
537,bravo,285.69,18,active,2026-01-03 14:39:00
538,charlie,287.06,19,pending,2026-01-03 14:46:00
539,delta,288.43,20,closed,2026-01-03 14:53:00
540,alpha,289.8,1,active,2026-01-03 15:00:00
541,bravo,291.17,2,pending,2026-01-03 15:07:00
542,charlie,292.54,3,closed,2026-01-03 15:14:00
543,delta,293.91,4,active,2026-01-03 15:21:00
544,alpha,295.28,5,pending,2026-01-03 15:28:00
545,bravo,296.65,6,closed,2026-01-03 15:35:00
546,charlie,298.02,7,active,2026-01-03 15:42:00
547,delta,299.39,8,pending,2026-01-03 15:49:00
548,alpha,300.76,9,closed,2026-01-03 15:56:00
549,bravo,302.13,10,active,2026-01-03 16:03:00
550,charlie,303.5,11,pending,2026-01-03 16:10:00
551,delta,304.87,12,closed,2026-01-03 16:17:00
552,alpha,306.24,13,active,2026-01-03 16:24:00
553,bravo,307.61,14,pending,2026-01-03 16:31:00
554,charlie,308.98,15,closed,2026-01-03 16:38:00
555,delta,310.35,16,active,2026-01-03 16:45:00
556,alpha,311.72,17,pending,2026-01-03 16:52:00
557,bravo,313.09,18,closed,2026-01-03 16:59:00
558,charlie,314.46,19,active,2026-01-03 17:06:00
559,delta,315.83,20,pending,2026-01-03 17:13:00
560,alpha,317.2,1,closed,2026-01-03 17:20:00
561,bravo,318.57,2,active,2026-01-03 17:27:00
562,charlie,319.94,3,pending,2026-01-03 17:34:00
563,delta,321.31,4,closed,2026-01-03 17:41:00
564,alpha,322.68,5,active,2026-01-03 17:48:00
565,bravo,324.05,6,pending,2026-01-03 17:55:00
566,charlie,325.42,7,closed,2026-01-03 18:02:00
567,delta,326.79,8,active,2026-01-03 18:09:00
568,alpha,328.16,9,pending,2026-01-03 18:16:00
569,bravo,329.53,10,closed,2026-01-03 18:23:00
570,charlie,330.9,11,active,2026-01-03 18:30:00
571,delta,332.27,12,pending,2026-01-03 18:37:00
572,alpha,333.64,13,closed,2026-01-03 18:44:00
573,bravo,335.01,14,active,2026-01-03 18:51:00
574,charlie,336.38,15,pending,2026-01-03 18:58:00
575,delta,337.75,16,closed,2026-01-03 19:05:00
576,alpha,339.12,17,active,2026-01-03 19:12:00
577,bravo,340.49,18,pending,2026-01-03 19:19:00
578,charlie,341.86,19,closed,2026-01-03 19:26:00
579,delta,343.23,20,active,2026-01-03 19:33:00
580,alpha,344.6,1,pending,2026-01-03 19:40:00
581,bravo,345.97,2,closed,2026-01-03 19:47:00
582,charlie,347.34,3,active,2026-01-03 19:54:00
583,delta,348.71,4,pending,2026-01-03 20:01:00
584,alpha,350.08,5,closed,2026-01-03 20:08:00
585,bravo,351.45,6,active,2026-01-03 20:15:00
586,charlie,352.82,7,pending,2026-01-03 20:22:00
587,delta,354.19,8,closed,2026-01-03 20:29:00
588,alpha,355.56,9,active,2026-01-03 20:36:00
589,bravo,356.93,10,pending,2026-01-03 20:43:00
590,charlie,358.3,11,closed,2026-01-03 20:50:00
591,delta,359.67,12,active,2026-01-03 20:57:00
592,alpha,361.04,13,pending,2026-01-03 21:04:00
593,bravo,362.41,14,closed,2026-01-03 21:11:00
594,charlie,363.78,15,active,2026-01-03 21:18:00
595,delta,365.15,16,pending,2026-01-03 21:25:00
596,alpha,366.52,17,closed,2026-01-03 21:32:00
597,bravo,367.89,18,active,2026-01-03 21:39:00
598,charlie,369.26,19,pending,2026-01-03 21:46:00
599,delta,370.63,20,closed,2026-01-03 21:53:00
600,alpha,372.0,1,active,2026-01-03 22:00:00
601,bravo,373.37,2,pending,2026-01-03 22:07:00
602,charlie,374.74,3,closed,2026-01-03 22:14:00
603,delta,376.11,4,active,2026-01-03 22:21:00
604,alpha,377.48,5,pending,2026-01-03 22:28:00
605,bravo,378.85,6,closed,2026-01-03 22:35:00
606,charlie,380.22,7,active,2026-01-03 22:42:00
607,delta,381.59,8,pending,2026-01-03 22:49:00
608,alpha,382.96,9,closed,2026-01-03 22:56:00
609,bravo,384.33,10,active,2026-01-03 23:03:00
610,charlie,385.7,11,pending,2026-01-03 23:10:00
611,delta,387.07,12,closed,2026-01-03 23:17:00
612,alpha,388.44,13,active,2026-01-03 23:24:00
613,bravo,389.81,14,pending,2026-01-03 23:31:00
614,charlie,391.18,15,closed,2026-01-03 23:38:00
615,delta,392.55,16,active,2026-01-03 23:45:00
616,alpha,393.92,17,pending,2026-01-03 23:52:00
617,bravo,395.29,18,closed,2026-01-03 23:59:00
618,charlie,396.66,19,active,2026-01-04 00:06:00
619,delta,398.03,20,pending,2026-01-04 00:13:00
620,alpha,399.4,1,closed,2026-01-04 00:20:00
621,bravo,400.77,2,active,2026-01-04 00:27:00
622,charlie,402.14,3,pending,2026-01-04 00:34:00
623,delta,403.51,4,closed,2026-01-04 00:41:00
624,alpha,404.88,5,active,2026-01-04 00:48:00
625,bravo,406.25,6,pending,2026-01-04 00:55:00
626,charlie,407.62,7,closed,2026-01-04 01:02:00
627,delta,408.99,8,active,2026-01-04 01:09:00
628,alpha,410.36,9,pending,2026-01-04 01:16:00
629,bravo,411.73,10,closed,2026-01-04 01:23:00
630,charlie,413.1,11,active,2026-01-04 01:30:00
631,delta,414.47,12,pending,2026-01-04 01:37:00
632,alpha,415.84,13,closed,2026-01-04 01:44:00
633,bravo,417.21,14,active,2026-01-04 01:51:00
634,charlie,418.58,15,pending,2026-01-04 01:58:00
635,delta,419.95,16,closed,2026-01-04 02:05:00
636,alpha,421.32,17,active,2026-01-04 02:12:00
637,bravo,422.69,18,pending,2026-01-04 02:19:00
638,charlie,424.06,19,closed,2026-01-04 02:26:00
639,delta,425.43,20,active,2026-01-04 02:33:00
640,alpha,426.8,1,pending,2026-01-04 02:40:00
641,bravo,428.17,2,closed,2026-01-04 02:47:00
642,charlie,429.54,3,active,2026-01-04 02:54:00
643,delta,430.91,4,pending,2026-01-04 03:01:00
644,alpha,432.28,5,closed,2026-01-04 03:08:00
645,bravo,433.65,6,active,2026-01-04 03:15:00
646,charlie,435.02,7,pending,2026-01-04 03:22:00
647,delta,436.39,8,closed,2026-01-04 03:29:00
648,alpha,437.76,9,active,2026-01-04 03:36:00
649,bravo,439.13,10,pending,2026-01-04 03:43:00
650,charlie,440.5,11,closed,2026-01-04 03:50:00
651,delta,441.87,12,active,2026-01-04 03:57:00
652,alpha,443.24,13,pending,2026-01-04 04:04:00
653,bravo,444.61,14,closed,2026-01-04 04:11:00
654,charlie,445.98,15,active,2026-01-04 04:18:00
655,delta,447.35,16,pending,2026-01-04 04:25:00
656,alpha,448.72,17,closed,2026-01-04 04:32:00
657,bravo,450.09,18,active,2026-01-04 04:39:00
658,charlie,451.46,19,pending,2026-01-04 04:46:00
659,delta,452.83,20,closed,2026-01-04 04:53:00
660,alpha,454.2,1,active,2026-01-04 05:00:00
661,bravo,455.57,2,pending,2026-01-04 05:07:00
662,charlie,456.94,3,closed,2026-01-04 05:14:00
663,delta,458.31,4,active,2026-01-04 05:21:00
664,alpha,459.68,5,pending,2026-01-04 05:28:00
665,bravo,461.05,6,closed,2026-01-04 05:35:00
666,charlie,462.42,7,active,2026-01-04 05:42:00
667,delta,463.79,8,pending,2026-01-04 05:49:00
668,alpha,465.16,9,closed,2026-01-04 05:56:00
669,bravo,466.53,10,active,2026-01-04 06:03:00
670,charlie,467.9,11,pending,2026-01-04 06:10:00
671,delta,469.27,12,closed,2026-01-04 06:17:00
672,alpha,470.64,13,active,2026-01-04 06:24:00
673,bravo,472.01,14,pending,2026-01-04 06:31:00
674,charlie,473.38,15,closed,2026-01-04 06:38:00
675,delta,474.75,16,active,2026-01-04 06:45:00
676,alpha,476.12,17,pending,2026-01-04 06:52:00
677,bravo,477.49,18,closed,2026-01-04 06:59:00
678,charlie,478.86,19,active,2026-01-04 07:06:00
679,delta,480.23,20,pending,2026-01-04 07:13:00
680,alpha,481.6,1,closed,2026-01-04 07:20:00
681,bravo,482.97,2,active,2026-01-04 07:27:00
682,charlie,484.34,3,pending,2026-01-04 07:34:00
683,delta,485.71,4,closed,2026-01-04 07:41:00
684,alpha,487.08,5,active,2026-01-04 07:48:00
685,bravo,488.45,6,pending,2026-01-04 07:55:00
686,charlie,489.82,7,closed,2026-01-04 08:02:00
687,delta,491.19,8,active,2026-01-04 08:09:00
688,alpha,492.56,9,pending,2026-01-04 08:16:00
689,bravo,493.93,10,closed,2026-01-04 08:23:00
690,charlie,495.3,11,active,2026-01-04 08:30:00
691,delta,496.67,12,pending,2026-01-04 08:37:00
692,alpha,498.04,13,closed,2026-01-04 08:44:00
693,bravo,499.41,14,active,2026-01-04 08:51:00
694,charlie,500.78,15,pending,2026-01-04 08:58:00
695,delta,502.15,16,closed,2026-01-04 09:05:00
696,alpha,503.52,17,active,2026-01-04 09:12:00
697,bravo,504.89,18,pending,2026-01-04 09:19:00
698,charlie,506.26,19,closed,2026-01-04 09:26:00
699,delta,507.63,20,active,2026-01-04 09:33:00
700,alpha,509.0,1,pending,2026-01-04 09:40:00
701,bravo,510.37,2,closed,2026-01-04 09:47:00
702,charlie,511.74,3,active,2026-01-04 09:54:00
703,delta,513.11,4,pending,2026-01-04 10:01:00
704,alpha,514.48,5,closed,2026-01-04 10:08:00
705,bravo,515.85,6,active,2026-01-04 10:15:00
706,charlie,517.22,7,pending,2026-01-04 10:22:00
707,delta,518.59,8,closed,2026-01-04 10:29:00
708,alpha,519.96,9,active,2026-01-04 10:36:00
709,bravo,521.33,10,pending,2026-01-04 10:43:00
710,charlie,522.7,11,closed,2026-01-04 10:50:00
711,delta,524.07,12,active,2026-01-04 10:57:00
712,alpha,525.44,13,pending,2026-01-04 11:04:00
713,bravo,526.81,14,closed,2026-01-04 11:11:00
714,charlie,528.18,15,active,2026-01-04 11:18:00
715,delta,529.55,16,pending,2026-01-04 11:25:00
716,alpha,530.92,17,closed,2026-01-04 11:32:00
717,bravo,532.29,18,active,2026-01-04 11:39:00
718,charlie,533.66,19,pending,2026-01-04 11:46:00
719,delta,535.03,20,closed,2026-01-04 11:53:00
720,alpha,536.4,1,active,2026-01-04 12:00:00
721,bravo,537.77,2,pending,2026-01-04 12:07:00
722,charlie,539.14,3,closed,2026-01-04 12:14:00
723,delta,540.51,4,active,2026-01-04 12:21:00
724,alpha,541.88,5,pending,2026-01-04 12:28:00
725,bravo,543.25,6,closed,2026-01-04 12:35:00
726,charlie,544.62,7,active,2026-01-04 12:42:00
727,delta,545.99,8,pending,2026-01-04 12:49:00
728,alpha,547.36,9,closed,2026-01-04 12:56:00
729,bravo,548.73,10,active,2026-01-04 13:03:00
730,charlie,50.1,11,pending,2026-01-04 13:10:00
731,delta,51.47,12,closed,2026-01-04 13:17:00
732,alpha,52.84,13,active,2026-01-04 13:24:00
733,bravo,54.21,14,pending,2026-01-04 13:31:00
734,charlie,55.58,15,closed,2026-01-04 13:38:00
735,delta,56.95,16,active,2026-01-04 13:45:00
736,alpha,58.32,17,pending,2026-01-04 13:52:00
737,bravo,59.69,18,closed,2026-01-04 13:59:00
738,charlie,61.06,19,active,2026-01-04 14:06:00
739,delta,62.43,20,pending,2026-01-04 14:13:00
740,alpha,63.8,1,closed,2026-01-04 14:20:00
741,bravo,65.17,2,active,2026-01-04 14:27:00
742,charlie,66.54,3,pending,2026-01-04 14:34:00
743,delta,67.91,4,closed,2026-01-04 14:41:00
744,alpha,69.28,5,active,2026-01-04 14:48:00
745,bravo,70.65,6,pending,2026-01-04 14:55:00
746,charlie,72.02,7,closed,2026-01-04 15:02:00
747,delta,73.39,8,active,2026-01-04 15:09:00
748,alpha,74.76,9,pending,2026-01-04 15:16:00
749,bravo,76.13,10,closed,2026-01-04 15:23:00
750,charlie,77.5,11,active,2026-01-04 15:30:00
751,delta,78.87,12,pending,2026-01-04 15:37:00
752,alpha,80.24,13,closed,2026-01-04 15:44:00
753,bravo,81.61,14,active,2026-01-04 15:51:00
754,charlie,82.98,15,pending,2026-01-04 15:58:00
755,delta,84.35,16,closed,2026-01-04 16:05:00
756,alpha,85.72,17,active,2026-01-04 16:12:00
757,bravo,87.09,18,pending,2026-01-04 16:19:00
758,charlie,88.46,19,closed,2026-01-04 16:26:00
759,delta,89.83,20,active,2026-01-04 16:33:00
760,alpha,91.2,1,pending,2026-01-04 16:40:00
761,bravo,92.57,2,closed,2026-01-04 16:47:00
762,charlie,93.94,3,active,2026-01-04 16:54:00
763,delta,95.31,4,pending,2026-01-04 17:01:00
764,alpha,96.68,5,closed,2026-01-04 17:08:00
765,bravo,98.05,6,active,2026-01-04 17:15:00
766,charlie,99.42,7,pending,2026-01-04 17:22:00
767,delta,100.79,8,closed,2026-01-04 17:29:00
768,alpha,102.16,9,active,2026-01-04 17:36:00
769,bravo,103.53,10,pending,2026-01-04 17:43:00
770,charlie,104.9,11,closed,2026-01-04 17:50:00
771,delta,106.27,12,active,2026-01-04 17:57:00
772,alpha,107.64,13,pending,2026-01-04 18:04:00
773,bravo,109.01,14,closed,2026-01-04 18:11:00
774,charlie,110.38,15,active,2026-01-04 18:18:00
775,delta,111.75,16,pending,2026-01-04 18:25:00
776,alpha,113.12,17,closed,2026-01-04 18:32:00
777,bravo,114.49,18,active,2026-01-04 18:39:00
778,charlie,115.86,19,pending,2026-01-04 18:46:00
779,delta,117.23,20,closed,2026-01-04 18:53:00
780,alpha,118.6,1,active,2026-01-04 19:00:00
781,bravo,119.97,2,pending,2026-01-04 19:07:00
782,charlie,121.34,3,closed,2026-01-04 19:14:00
783,delta,122.71,4,active,2026-01-04 19:21:00
784,alpha,124.08,5,pending,2026-01-04 19:28:00
785,bravo,125.45,6,closed,2026-01-04 19:35:00
786,charlie,126.82,7,active,2026-01-04 19:42:00
787,delta,128.19,8,pending,2026-01-04 19:49:00
788,alpha,129.56,9,closed,2026-01-04 19:56:00
789,bravo,130.93,10,active,2026-01-04 20:03:00
790,charlie,132.3,11,pending,2026-01-04 20:10:00
791,delta,133.67,12,closed,2026-01-04 20:17:00
792,alpha,135.04,13,active,2026-01-04 20:24:00
793,bravo,136.41,14,pending,2026-01-04 20:31:00
794,charlie,137.78,15,closed,2026-01-04 20:38:00
795,delta,139.15,16,active,2026-01-04 20:45:00
796,alpha,140.52,17,pending,2026-01-04 20:52:00
797,bravo,141.89,18,closed,2026-01-04 20:59:00
798,charlie,143.26,19,active,2026-01-04 21:06:00
799,delta,144.63,20,pending,2026-01-04 21:13:00
800,alpha,146.0,1,closed,2026-01-04 21:20:00
801,bravo,147.37,2,active,2026-01-04 21:27:00
802,charlie,148.74,3,pending,2026-01-04 21:34:00
803,delta,150.11,4,closed,2026-01-04 21:41:00
804,alpha,151.48,5,active,2026-01-04 21:48:00
805,bravo,152.85,6,pending,2026-01-04 21:55:00
806,charlie,154.22,7,closed,2026-01-04 22:02:00
807,delta,155.59,8,active,2026-01-04 22:09:00
808,alpha,156.96,9,pending,2026-01-04 22:16:00
809,bravo,158.33,10,closed,2026-01-04 22:23:00
810,charlie,159.7,11,active,2026-01-04 22:30:00
811,delta,161.07,12,pending,2026-01-04 22:37:00
812,alpha,162.44,13,closed,2026-01-04 22:44:00
813,bravo,163.81,14,active,2026-01-04 22:51:00
814,charlie,165.18,15,pending,2026-01-04 22:58:00
815,delta,166.55,16,closed,2026-01-04 23:05:00
816,alpha,167.92,17,active,2026-01-04 23:12:00
817,bravo,169.29,18,pending,2026-01-04 23:19:00
818,charlie,170.66,19,closed,2026-01-04 23:26:00
819,delta,172.03,20,active,2026-01-04 23:33:00
820,alpha,173.4,1,pending,2026-01-04 23:40:00
821,bravo,174.77,2,closed,2026-01-04 23:47:00
822,charlie,176.14,3,active,2026-01-04 23:54:00
823,delta,177.51,4,pending,2026-01-05 00:01:00
824,alpha,178.88,5,closed,2026-01-05 00:08:00
825,bravo,180.25,6,active,2026-01-05 00:15:00
826,charlie,181.62,7,pending,2026-01-05 00:22:00
827,delta,182.99,8,closed,2026-01-05 00:29:00
828,alpha,184.36,9,active,2026-01-05 00:36:00
829,bravo,185.73,10,pending,2026-01-05 00:43:00
830,charlie,187.1,11,closed,2026-01-05 00:50:00
831,delta,188.47,12,active,2026-01-05 00:57:00
832,alpha,189.84,13,pending,2026-01-05 01:04:00
833,bravo,191.21,14,closed,2026-01-05 01:11:00
834,charlie,192.58,15,active,2026-01-05 01:18:00
835,delta,193.95,16,pending,2026-01-05 01:25:00
836,alpha,195.32,17,closed,2026-01-05 01:32:00
837,bravo,196.69,18,active,2026-01-05 01:39:00
838,charlie,198.06,19,pending,2026-01-05 01:46:00
839,delta,199.43,20,closed,2026-01-05 01:53:00
840,alpha,200.8,1,active,2026-01-05 02:00:00
841,bravo,202.17,2,pending,2026-01-05 02:07:00
842,charlie,203.54,3,closed,2026-01-05 02:14:00
843,delta,204.91,4,active,2026-01-05 02:21:00
844,alpha,206.28,5,pending,2026-01-05 02:28:00
845,bravo,207.65,6,closed,2026-01-05 02:35:00
846,charlie,209.02,7,active,2026-01-05 02:42:00
847,delta,210.39,8,pending,2026-01-05 02:49:00
848,alpha,211.76,9,closed,2026-01-05 02:56:00
849,bravo,213.13,10,active,2026-01-05 03:03:00
850,charlie,214.5,11,pending,2026-01-05 03:10:00
851,delta,215.87,12,closed,2026-01-05 03:17:00
852,alpha,217.24,13,active,2026-01-05 03:24:00
853,bravo,218.61,14,pending,2026-01-05 03:31:00
854,charlie,219.98,15,closed,2026-01-05 03:38:00
855,delta,221.35,16,active,2026-01-05 03:45:00
856,alpha,222.72,17,pending,2026-01-05 03:52:00
857,bravo,224.09,18,closed,2026-01-05 03:59:00
858,charlie,225.46,19,active,2026-01-05 04:06:00
859,delta,226.83,20,pending,2026-01-05 04:13:00
860,alpha,228.2,1,closed,2026-01-05 04:20:00
861,bravo,229.57,2,active,2026-01-05 04:27:00
862,charlie,230.94,3,pending,2026-01-05 04:34:00
863,delta,232.31,4,closed,2026-01-05 04:41:00
864,alpha,233.68,5,active,2026-01-05 04:48:00
865,bravo,235.05,6,pending,2026-01-05 04:55:00
866,charlie,236.42,7,closed,2026-01-05 05:02:00
867,delta,237.79,8,active,2026-01-05 05:09:00
868,alpha,239.16,9,pending,2026-01-05 05:16:00
869,bravo,240.53,10,closed,2026-01-05 05:23:00
870,charlie,241.9,11,active,2026-01-05 05:30:00
871,delta,243.27,12,pending,2026-01-05 05:37:00
872,alpha,244.64,13,closed,2026-01-05 05:44:00
873,bravo,246.01,14,active,2026-01-05 05:51:00
874,charlie,247.38,15,pending,2026-01-05 05:58:00
875,delta,248.75,16,closed,2026-01-05 06:05:00
876,alpha,250.12,17,active,2026-01-05 06:12:00
877,bravo,251.49,18,pending,2026-01-05 06:19:00
878,charlie,252.86,19,closed,2026-01-05 06:26:00
879,delta,254.23,20,active,2026-01-05 06:33:00
880,alpha,255.6,1,pending,2026-01-05 06:40:00
881,bravo,256.97,2,closed,2026-01-05 06:47:00
882,charlie,258.34,3,active,2026-01-05 06:54:00
883,delta,259.71,4,pending,2026-01-05 07:01:00
884,alpha,261.08,5,closed,2026-01-05 07:08:00
885,bravo,262.45,6,active,2026-01-05 07:15:00
886,charlie,263.82,7,pending,2026-01-05 07:22:00
887,delta,265.19,8,closed,2026-01-05 07:29:00
888,alpha,266.56,9,active,2026-01-05 07:36:00
889,bravo,267.93,10,pending,2026-01-05 07:43:00
890,charlie,269.3,11,closed,2026-01-05 07:50:00
891,delta,270.67,12,active,2026-01-05 07:57:00
892,alpha,272.04,13,pending,2026-01-05 08:04:00
893,bravo,273.41,14,closed,2026-01-05 08:11:00
894,charlie,274.78,15,active,2026-01-05 08:18:00
895,delta,276.15,16,pending,2026-01-05 08:25:00
896,alpha,277.52,17,closed,2026-01-05 08:32:00
897,bravo,278.89,18,active,2026-01-05 08:39:00
898,charlie,280.26,19,pending,2026-01-05 08:46:00
899,delta,281.63,20,closed,2026-01-05 08:53:00
900,alpha,283.0,1,active,2026-01-05 09:00:00
901,bravo,284.37,2,pending,2026-01-05 09:07:00
902,charlie,285.74,3,closed,2026-01-05 09:14:00
903,delta,287.11,4,active,2026-01-05 09:21:00
904,alpha,288.48,5,pending,2026-01-05 09:28:00
905,bravo,289.85,6,closed,2026-01-05 09:35:00
906,charlie,291.22,7,active,2026-01-05 09:42:00
907,delta,292.59,8,pending,2026-01-05 09:49:00
908,alpha,293.96,9,closed,2026-01-05 09:56:00
909,bravo,295.33,10,active,2026-01-05 10:03:00
910,charlie,296.7,11,pending,2026-01-05 10:10:00
911,delta,298.07,12,closed,2026-01-05 10:17:00
912,alpha,299.44,13,active,2026-01-05 10:24:00
913,bravo,300.81,14,pending,2026-01-05 10:31:00
914,charlie,302.18,15,closed,2026-01-05 10:38:00
915,delta,303.55,16,active,2026-01-05 10:45:00
916,alpha,304.92,17,pending,2026-01-05 10:52:00
917,bravo,306.29,18,closed,2026-01-05 10:59:00
918,charlie,307.66,19,active,2026-01-05 11:06:00
919,delta,309.03,20,pending,2026-01-05 11:13:00
920,alpha,310.4,1,closed,2026-01-05 11:20:00
921,bravo,311.77,2,active,2026-01-05 11:27:00
922,charlie,313.14,3,pending,2026-01-05 11:34:00
923,delta,314.51,4,closed,2026-01-05 11:41:00
924,alpha,315.88,5,active,2026-01-05 11:48:00
925,bravo,317.25,6,pending,2026-01-05 11:55:00
926,charlie,318.62,7,closed,2026-01-05 12:02:00
927,delta,319.99,8,active,2026-01-05 12:09:00
928,alpha,321.36,9,pending,2026-01-05 12:16:00
929,bravo,322.73,10,closed,2026-01-05 12:23:00
930,charlie,324.1,11,active,2026-01-05 12:30:00
931,delta,325.47,12,pending,2026-01-05 12:37:00
932,alpha,326.84,13,closed,2026-01-05 12:44:00
933,bravo,328.21,14,active,2026-01-05 12:51:00
934,charlie,329.58,15,pending,2026-01-05 12:58:00
935,delta,330.95,16,closed,2026-01-05 13:05:00
936,alpha,332.32,17,active,2026-01-05 13:12:00
937,bravo,333.69,18,pending,2026-01-05 13:19:00
938,charlie,335.06,19,closed,2026-01-05 13:26:00
939,delta,336.43,20,active,2026-01-05 13:33:00
940,alpha,337.8,1,pending,2026-01-05 13:40:00
941,bravo,339.17,2,closed,2026-01-05 13:47:00
942,charlie,340.54,3,active,2026-01-05 13:54:00
943,delta,341.91,4,pending,2026-01-05 14:01:00
944,alpha,343.28,5,closed,2026-01-05 14:08:00
945,bravo,344.65,6,active,2026-01-05 14:15:00
946,charlie,346.02,7,pending,2026-01-05 14:22:00
947,delta,347.39,8,closed,2026-01-05 14:29:00
948,alpha,348.76,9,active,2026-01-05 14:36:00
949,bravo,350.13,10,pending,2026-01-05 14:43:00
950,charlie,351.5,11,closed,2026-01-05 14:50:00
1001,bravo,421.37,2,closed,2026-01-05 20:47:00
1002,charlie,422.74,3,active,2026-01-05 20:54:00
1003,delta,424.11,4,pending,2026-01-05 21:01:00
1004,alpha,425.48,5,closed,2026-01-05 21:08:00
1005,bravo,426.85,6,active,2026-01-05 21:15:00
1006,charlie,428.22,7,pending,2026-01-05 21:22:00
1007,delta,429.59,8,closed,2026-01-05 21:29:00
1008,alpha,430.96,9,active,2026-01-05 21:36:00
1009,bravo,432.33,10,pending,2026-01-05 21:43:00
1010,charlie,433.7,11,closed,2026-01-05 21:50:00
1011,delta,435.07,12,active,2026-01-05 21:57:00
1012,alpha,436.44,13,pending,2026-01-05 22:04:00
1013,bravo,437.81,14,closed,2026-01-05 22:11:00
1014,charlie,439.18,15,active,2026-01-05 22:18:00
1015,delta,440.55,16,pending,2026-01-05 22:25:00
1016,alpha,441.92,17,closed,2026-01-05 22:32:00
1017,bravo,443.29,18,active,2026-01-05 22:39:00
1018,charlie,444.66,19,pending,2026-01-05 22:46:00
1019,delta,446.03,20,closed,2026-01-05 22:53:00
1020,alpha,447.4,1,active,2026-01-05 23:00:00
1021,bravo,448.77,2,pending,2026-01-05 23:07:00
1022,charlie,450.14,3,closed,2026-01-05 23:14:00
1023,delta,451.51,4,active,2026-01-05 23:21:00
1024,alpha,452.88,5,pending,2026-01-05 23:28:00
1025,bravo,454.25,6,closed,2026-01-05 23:35:00
1026,charlie,455.62,7,active,2026-01-05 23:42:00
1027,delta,456.99,8,pending,2026-01-05 23:49:00
1028,alpha,458.36,9,closed,2026-01-05 23:56:00
1029,bravo,459.73,10,active,2026-01-06 00:03:00
1030,charlie,461.1,11,pending,2026-01-06 00:10:00
